Series,CAGR,AnnVol,Sharpe,MaxDD,TotalReturn
Strategy (net),-0.049617,0.160787,-0.236156,-0.711617,-0.548864
SPY (net ER),0.136917,0.173168,0.829139,-0.337228,6.439116
